 Order ID ,Customer Name,City,Order Date,Units,Unit Price,Region,Notes,Legacy Column
ORD-1001,Ana Silva,New York,2025-11-13,10,$161.86,East ,,
ORD-1002,Dara Osei ,New York,2025-09-02,38,$53.79,East,,
ORD-1003,Ivan Petrov,los angeles,2025-02-08,5,$213.53,East,,
ORD-1004,Kofi Mensah,SF,2025-11-08,8,$398.53,East,,
ORD-1005,Ana Silva,SF,2025-04-02,26,$281.03,West,,
ORD-1006,Jia Lin,LA,2025-02-18,10,$145.76,East ,,
ORD-1007,Jia Lin,Chicago,2025-10-04,n/a,$393.49,West,priority,
ORD-1008,Jia Lin,New York,2025-02-23,36,$184.71,East ,,
ORD-1009,Hana Ito,SF,2025-06-14,35,$106.40,Central,,
ORD-1010,Lena Brandt,  Chicago,2025-03-26,16,$179.62,West,,
ORD-1011,Fatima Nur,Chicago,2025-08-17,20,$48.01,Central,,
ORD-1012,Gus Park,  New York,2025-09-04,,$144.97,west,,
ORD-1013,Kofi Mensah,New York,2025-01-14,32,$81.01,East ,,
ORD-1014,Fatima Nur,SF,2025-12-11,21,$279.11,Central,priority,
ORD-1015,Eli Rossi,los angeles,2025-02-03,30,$282.34,East,,
ORD-1016,Kofi Mensah,  Chicago,2025-10-21,20,$38.04,Central,,
ORD-1017,Ana Silva,los angeles,2025-06-22,25,$143.40,west,,
ORD-1018,Dara Osei ,  Chicago,2025-01-16,8,$88.57,west,,
ORD-1019,Hana Ito,New York,2025-07-13,16,$70.35,West,,
ORD-1020,Gus Park,  Chicago,2025-03-09,36,$220.84,East ,,
ORD-1021,Gus Park,  New York,2025-11-12,27,$140.50,West,priority,
ORD-1022,Dara Osei ,New York,2025-11-08,10,$48.54,Central,,
ORD-1023,Ana Silva,  New York,2025-05-09,n/a,$400.53,Central,,
ORD-1024,Chen Wei,Chicago,2025-06-19,40,$261.03,East ,,
ORD-1025,Ivan Petrov,los angeles,2025-11-15,4,$456.58,Central,,
ORD-1026,Gus Park,New York,2025-11-16,7,$197.22,West,,
ORD-1027,  Ben Cole,LA,2025-03-15,14,$41.19,East ,,
ORD-1028,Ivan Petrov,New York,2025-03-19,1,$34.24,west,priority,
ORD-1029,Jia Lin,los angeles,2025-04-28,5,$298.26,West,,
ORD-1030,Hana Ito,New York,2025-06-20,23,$307.99,East,,
ORD-1031,Eli Rossi,New York,2025-08-16,30,$408.92,West,,
ORD-1032,Hana Ito,  Chicago,2025-05-24,22,$57.58,West,,
ORD-1033,Chen Wei,Chicago,2025-06-17,14,$252.44,East ,,
ORD-1034,  Ben Cole,Chicago,2025-11-10,34,$439.61,west,,
ORD-1035,Ivan Petrov,SF,2025-04-12,11,$253.41,East ,priority,
ORD-1036,Dara Osei ,  Chicago,2025-04-20,15,$164.61,Central,,
ORD-1037,Hana Ito,LA,2025-09-07,15,$357.61,East,,
ORD-1038,Dara Osei ,Chicago,2025-05-16,18,$475.11,East ,,
ORD-1039,Fatima Nur,LA,2025-12-26,29,$459.54,East,,
ORD-1040,Fatima Nur,  New York,2025-04-16,15,$113.23,Central,,
ORD-1041,Hana Ito,Chicago,2025-01-27,,$303.12,west,,
ORD-1042,  Ben Cole,los angeles,2025-11-27,6,$385.73,West,priority,
ORD-1043,Fatima Nur,New York,2025-11-14,12,$234.41,Central,,
ORD-1044,Chen Wei,  New York,2025-03-24,6,$227.42,East,,
ORD-1045,Chen Wei,SF,2025-11-26,30,$80.62,East ,,
ORD-1046,Ivan Petrov,  New York,2025-09-05,23,$470.73,East,,
ORD-1047,Chen Wei,los angeles,2025-12-17,7,$16.20,West,,
ORD-1048,Dara Osei ,LA,2025-05-01,14,$398.21,East ,,
ORD-1049,Ivan Petrov,los angeles,2025-05-11,38,$122.67,West,priority,
ORD-1050,Jia Lin,  Chicago,2025-11-15,23,$38.16,East ,,
ORD-1051,Chen Wei,SF,2025-09-05,33,$207.41,East ,,
ORD-1052,Jia Lin,New York,2025-03-25,29,$18.30,West,,
ORD-1053,  Ben Cole,SF,2025-12-20,31,$90.59,East,,
ORD-1054,Hana Ito,  Chicago,2025-09-17,34,$162.87,East,,
ORD-1055,Eli Rossi,New York,2025-04-08,4,$425.06,East,,
ORD-1056,Hana Ito,LA,2025-02-01,36,$248.38,East ,priority,
ORD-1057,Lena Brandt,LA,2025-04-17,39,$467.47,Central,,
ORD-1058,Lena Brandt,SF,2025-04-17,31,$248.59,west,,
ORD-1059,Chen Wei,los angeles,2025-08-27,13,$443.67,East,,
ORD-1060,Dara Osei ,los angeles,2025-11-03,21,$194.11,East,,
ORD-1004,Kofi Mensah,SF,2025-11-08,8,$398.53,East,,
ORD-1018,Dara Osei ,  Chicago,2025-01-16,8,$88.57,west,,
ORD-1031,Eli Rossi,New York,2025-08-16,30,$408.92,West,,
ORD-1046,Ivan Petrov,  New York,2025-09-05,23,$470.73,East,,
